,method,seed,modal,acc
125,gmc_nl_lr1e-3_wd1e-4,0,[0&1&2],1.0
188,gmc_l_lr5e-4_wd1e-3,0,[0&1&2],0.9999023675918579
251,gmc_nl_lr5e-4_wd1e-4,0,[0&1&2],0.9999023675918579
146,gmc_l_lr5e-4_wd0.0,0,[0&1&2],0.999804675579071
40,gmc_nl_lr1e-3_wd0.0,0,[0&1&2],0.999804675579071
83,gmc_nl_lr1e-3_wd1e-3,0,[0&1&2],0.999707043170929
209,gmc_nl_lr5e-4_wd1e-3,0,[0&1&2],0.999707043170929
124,gmc_nl_lr1e-3_wd1e-4,0,[0&2],0.99951171875
230,gmc_l_lr5e-4_wd1e-4,0,[0&1&2],0.99951171875
14,gmc_l_lr1e-3_wd0.0,0,[0&1&2],0.99951171875
181,mmix_nl_05_lr5e-4_wd1e-3,0,[0&1&2],0.9994140863418579
264,mmix_nl_05_lr1e-4_wd0.0,0,[0&1&2],0.9994140863418579
100,mmix_nl_05_lr1e-3_wd1e-4,0,[0&1&2],0.9994140863418579
306,mmix_nl_05_lr1e-4_wd1e-3,0,[0&1&2],0.9994140863418579
223,mmix_nl_05_lr5e-4_wd1e-4,0,[0&1&2],0.9994140863418579
60,mmix_nl_05_lr1e-3_wd1e-3,0,[0&1&2],0.9994140863418579
19,mmix_nl_05_lr1e-3_wd0.0,0,[0&1&2],0.9994140863418579
37,gmc_nl_lr1e-3_wd0.0,0,[0&2],0.9994140863418579
348,mmix_nl_05_lr1e-4_wd1e-4,0,[0&1&2],0.9994140863418579
208,gmc_nl_lr5e-4_wd1e-3,0,[0&2],0.9994140863418579
140,mmix_nl_05_lr5e-4_wd0.0,0,[0&1&2],0.9994140863418579
39,mmix_l_10_lr1e-3_wd0.0,0,[0&1&2],0.999316394329071
167,gmc_nl_lr5e-4_wd0.0,0,[0&1&2],0.999316394329071
370,mmix_l_10_lr1e-4_wd1e-4,0,[0&1&2],0.999316394329071
115,mmix_l_10_lr1e-3_wd1e-4,0,[0&1&2],0.999316394329071
243,mmix_l_10_lr5e-4_wd1e-4,0,[0&1&2],0.999316394329071
158,mmix_l_10_lr5e-4_wd0.0,0,[0&1&2],0.999316394329071
201,mmix_l_10_lr5e-4_wd1e-3,0,[0&1&2],0.999316394329071
229,gmc_l_lr5e-4_wd1e-4,0,[0&2],0.999316394329071
77,mmix_l_10_lr1e-3_wd1e-3,0,[0&1&2],0.999316394329071
328,mmix_l_10_lr1e-4_wd1e-3,0,[0&1&2],0.999316394329071
286,mmix_l_10_lr1e-4_wd0.0,0,[0&1&2],0.999316394329071
250,gmc_nl_lr5e-4_wd1e-4,0,[0&2],0.999218761920929
104,gmc_l_lr1e-3_wd1e-4,0,[0&1&2],0.9991211295127869
62,gmc_l_lr1e-3_wd1e-3,0,[0&1&2],0.9990234375
11,gmc_l_lr1e-3_wd0.0,0,[0&2],0.9990234375
145,gmc_l_lr5e-4_wd0.0,0,[0&2],0.9990234375
103,gmc_l_lr1e-3_wd1e-4,0,[0&2],0.9990234375
187,gmc_l_lr5e-4_wd1e-3,0,[0&2],0.9989258050918579
58,mmix_nl_10_lr1e-3_wd1e-3,0,[0&1&2],0.9988511204719543
137,mmix_nl_10_lr5e-4_wd0.0,0,[0&1&2],0.9988511204719543
265,mmix_nl_10_lr1e-4_wd0.0,0,[0&1&2],0.9988511204719543
95,mmix_nl_10_lr1e-3_wd1e-4,0,[0&1&2],0.9988511204719543
20,mmix_nl_10_lr1e-3_wd0.0,0,[0&1&2],0.9988511204719543
222,mmix_nl_10_lr5e-4_wd1e-4,0,[0&1&2],0.9988511204719543
307,mmix_nl_10_lr1e-4_wd1e-3,0,[0&1&2],0.9988511204719543
349,mmix_nl_10_lr1e-4_wd1e-4,0,[0&1&2],0.9988511204719543
179,mmix_nl_10_lr5e-4_wd1e-3,0,[0&1&2],0.9988511204719543
80,mmix_l_05_lr1e-3_wd1e-3,0,[0&1&2],0.998828113079071
327,mmix_l_05_lr1e-4_wd1e-3,0,[0&1&2],0.998828113079071
202,mmix_l_05_lr5e-4_wd1e-3,0,[0&1&2],0.998828113079071
166,gmc_nl_lr5e-4_wd0.0,0,[0&2],0.998828113079071
160,mmix_l_05_lr5e-4_wd0.0,0,[0&1&2],0.998828113079071
120,mmix_l_05_lr1e-3_wd1e-4,0,[0&1&2],0.998828113079071
285,mmix_l_05_lr1e-4_wd0.0,0,[0&1&2],0.998828113079071
244,mmix_l_05_lr5e-4_wd1e-4,0,[0&1&2],0.998828113079071
369,mmix_l_05_lr1e-4_wd1e-4,0,[0&1&2],0.998828113079071
41,mmix_l_05_lr1e-3_wd0.0,0,[0&1&2],0.998828113079071
121,gmc_nl_lr1e-3_wd1e-4,0,[2],0.9984375238418579
28,gmc_nl_lr1e-3_wd0.0,0,[2],0.998339831829071
326,mmix_l_10_lr1e-4_wd1e-3,0,[0&2],0.998242199420929
368,mmix_l_10_lr1e-4_wd1e-4,0,[0&2],0.998242199420929
199,mmix_l_10_lr5e-4_wd1e-3,0,[0&2],0.998242199420929
74,mmix_l_10_lr1e-3_wd1e-3,0,[0&2],0.998242199420929
156,mmix_l_10_lr5e-4_wd0.0,0,[0&2],0.998242199420929
36,mmix_l_10_lr1e-3_wd0.0,0,[0&2],0.998242199420929
113,mmix_l_10_lr1e-3_wd1e-4,0,[0&2],0.998242199420929
241,mmix_l_10_lr5e-4_wd1e-4,0,[0&2],0.998242199420929
284,mmix_l_10_lr1e-4_wd0.0,0,[0&2],0.998242199420929
247,gmc_nl_lr5e-4_wd1e-4,0,[2],0.998242199420929
117,gmc_nl_lr1e-3_wd1e-4,0,[0],0.9981445670127869
163,gmc_nl_lr5e-4_wd0.0,0,[2],0.9981445670127869
82,gmc_nl_lr1e-3_wd1e-3,0,[0&2],0.9981445670127869
92,mmix_nl_10_lr1e-3_wd1e-4,0,[0&2],0.998046875
180,mmix_nl_05_lr5e-4_wd1e-3,0,[0&2],0.998046875
177,mmix_nl_10_lr5e-4_wd1e-3,0,[0&2],0.998046875
135,mmix_nl_10_lr5e-4_wd0.0,0,[0&2],0.998046875
304,mmix_nl_05_lr1e-4_wd1e-3,0,[0&2],0.998046875
262,mmix_nl_05_lr1e-4_wd0.0,0,[0&2],0.998046875
347,mmix_nl_10_lr1e-4_wd1e-4,0,[0&2],0.998046875
346,mmix_nl_05_lr1e-4_wd1e-4,0,[0&2],0.998046875
17,mmix_nl_05_lr1e-3_wd0.0,0,[0&2],0.998046875
18,mmix_nl_10_lr1e-3_wd0.0,0,[0&2],0.998046875
22,gmc_nl_lr1e-3_wd0.0,0,[0],0.998046875
305,mmix_nl_10_lr1e-4_wd1e-3,0,[0&2],0.998046875
263,mmix_nl_10_lr1e-4_wd0.0,0,[0&2],0.998046875
98,mmix_nl_05_lr1e-3_wd1e-4,0,[0&2],0.998046875
138,mmix_nl_05_lr5e-4_wd0.0,0,[0&2],0.998046875
55,mmix_nl_10_lr1e-3_wd1e-3,0,[0&2],0.998046875
57,mmix_nl_05_lr1e-3_wd1e-3,0,[0&2],0.998046875
221,mmix_nl_05_lr5e-4_wd1e-4,0,[0&2],0.998046875
220,mmix_nl_10_lr5e-4_wd1e-4,0,[0&2],0.998046875
94,gmc_l_lr1e-3_wd1e-4,0,[0],0.9977653622627258
61,gmc_l_lr1e-3_wd1e-3,0,[0&2],0.997753918170929
2,gmc_l_lr1e-3_wd0.0,0,[2],0.997753918170929
245,gmc_nl_lr5e-4_wd1e-4,0,[0],0.9974609613418579
142,gmc_l_lr5e-4_wd0.0,0,[2],0.9974609613418579
161,gmc_nl_lr5e-4_wd0.0,0,[0],0.9974609613418579
203,gmc_nl_lr5e-4_wd1e-3,0,[0],0.997265636920929
118,mmix_l_05_lr1e-3_wd1e-4,0,[0&2],0.9971794486045837
99,gmc_l_lr1e-3_wd1e-4,0,[2],0.9971794486045837
367,mmix_l_05_lr1e-4_wd1e-4,0,[0&2],0.9971794486045837
78,mmix_l_05_lr1e-3_wd1e-3,0,[0&2],0.9971794486045837
200,mmix_l_05_lr5e-4_wd1e-3,0,[0&2],0.9971794486045837
159,mmix_l_05_lr5e-4_wd0.0,0,[0&2],0.9971794486045837
242,mmix_l_05_lr5e-4_wd1e-4,0,[0&2],0.9971794486045837
38,mmix_l_05_lr1e-3_wd0.0,0,[0&2],0.9971794486045837
283,mmix_l_05_lr1e-4_wd0.0,0,[0&2],0.9971794486045837
325,mmix_l_05_lr1e-4_wd1e-3,0,[0&2],0.9971794486045837
224,gmc_l_lr5e-4_wd1e-4,0,[0],0.9971680045127869
182,gmc_l_lr5e-4_wd1e-3,0,[0],0.9970703125
47,gmc_l_lr1e-3_wd1e-3,0,[0],0.9970703125
294,gmc_nl_lr1e-4_wd0.0,0,[0&1&2],0.9970703125
70,gmc_nl_lr1e-3_wd1e-3,0,[0],0.9969726800918579
139,gmc_l_lr5e-4_wd0.0,0,[0],0.9969726800918579
0,gmc_l_lr1e-3_wd0.0,0,[0],0.996777355670929
226,gmc_l_lr5e-4_wd1e-4,0,[2],0.9966797232627869
377,gmc_nl_lr1e-4_wd1e-4,0,[0&1&2],0.9964843988418579
132,mmix_nl_05_lr5e-4_wd0.0,0,[2],0.9962028861045837
298,mmix_nl_05_lr1e-4_wd1e-3,0,[2],0.9962028861045837
91,mmix_nl_05_lr1e-3_wd1e-4,0,[2],0.9962028861045837
256,mmix_nl_05_lr1e-4_wd0.0,0,[2],0.9962028861045837
215,mmix_nl_05_lr5e-4_wd1e-4,0,[2],0.9962028861045837
48,mmix_nl_05_lr1e-3_wd1e-3,0,[2],0.9962028861045837
174,mmix_nl_05_lr5e-4_wd1e-3,0,[2],0.9962028861045837
9,mmix_nl_05_lr1e-3_wd0.0,0,[2],0.9962028861045837
339,mmix_nl_05_lr1e-4_wd1e-4,0,[2],0.9962028861045837
341,mmix_nl_10_lr1e-4_wd1e-4,0,[2],0.9960075616836548
257,mmix_nl_10_lr1e-4_wd0.0,0,[2],0.9960075616836548
86,mmix_nl_10_lr1e-3_wd1e-4,0,[2],0.9960075616836548
171,mmix_nl_10_lr5e-4_wd1e-3,0,[2],0.9960075616836548
46,mmix_nl_10_lr1e-3_wd1e-3,0,[2],0.9960075616836548
299,mmix_nl_10_lr1e-4_wd1e-3,0,[2],0.9960075616836548
10,mmix_nl_10_lr1e-3_wd0.0,0,[2],0.9960075616836548
129,mmix_nl_10_lr5e-4_wd0.0,0,[2],0.9960075616836548
214,mmix_nl_10_lr5e-4_wd1e-4,0,[2],0.9960075616836548
205,gmc_nl_lr5e-4_wd1e-3,0,[2],0.9957146048545837
340,gmc_nl_lr1e-4_wd1e-3,0,[0&1&2],0.9955307841300964
207,gmc_nl_lr5e-4_wd1e-3,0,[1&2],0.9955078363418579
185,gmc_l_lr5e-4_wd1e-3,0,[0&1],0.9954447150230408
79,gmc_nl_lr1e-3_wd1e-3,0,[0&1],0.9954331517219543
150,mmix_l_10_lr5e-4_wd0.0,0,[2],0.995312511920929
235,mmix_l_10_lr5e-4_wd1e-4,0,[2],0.995312511920929
66,mmix_l_10_lr1e-3_wd1e-3,0,[2],0.995312511920929
193,mmix_l_10_lr5e-4_wd1e-3,0,[2],0.995312511920929
27,mmix_l_10_lr1e-3_wd0.0,0,[2],0.995312511920929
278,mmix_l_10_lr1e-4_wd0.0,0,[2],0.995312511920929
206,gmc_nl_lr5e-4_wd1e-3,0,[0&1],0.995312511920929
360,mmix_l_10_lr1e-4_wd1e-4,0,[2],0.995312511920929
320,mmix_l_10_lr1e-4_wd1e-3,0,[2],0.995312511920929
107,mmix_l_10_lr1e-3_wd1e-4,0,[2],0.995312511920929
365,gmc_l_lr1e-4_wd1e-4,0,[0&1&2],0.9952263236045837
186,gmc_l_lr5e-4_wd1e-3,0,[1&2],0.995151698589325
272,gmc_l_lr1e-4_wd0.0,0,[0&1&2],0.9951286315917969
184,gmc_l_lr5e-4_wd1e-3,0,[2],0.9951286315917969
313,mmix_l_05_lr1e-4_wd1e-3,0,[0],0.9950195550918579
149,mmix_l_05_lr5e-4_wd0.0,0,[0],0.9950195550918579
108,mmix_l_05_lr1e-3_wd1e-4,0,[0],0.9950195550918579
352,mmix_l_05_lr1e-4_wd1e-4,0,[0],0.9950195550918579
232,mmix_l_05_lr5e-4_wd1e-4,0,[0],0.9950195550918579
273,mmix_l_05_lr1e-4_wd0.0,0,[0],0.9950195550918579
65,mmix_l_05_lr1e-3_wd1e-3,0,[0],0.9950195550918579
190,mmix_l_05_lr5e-4_wd1e-3,0,[0],0.9950195550918579
23,mmix_l_05_lr1e-3_wd0.0,0,[0],0.9950195550918579
144,gmc_l_lr5e-4_wd0.0,0,[1&2],0.9949333071708679
4,mmix_nl_05_lr1e-3_wd0.0,0,[0],0.994824230670929
170,mmix_nl_05_lr5e-4_wd1e-3,0,[0],0.994824230670929
128,mmix_nl_05_lr5e-4_wd0.0,0,[0],0.994824230670929
211,mmix_nl_05_lr5e-4_wd1e-4,0,[0],0.994824230670929
43,mmix_nl_05_lr1e-3_wd1e-3,0,[0],0.994824230670929
87,mmix_nl_05_lr1e-3_wd1e-4,0,[0],0.994824230670929
252,mmix_nl_05_lr1e-4_wd0.0,0,[0],0.994824230670929
333,mmix_nl_05_lr1e-4_wd1e-4,0,[0],0.994824230670929
293,mmix_nl_05_lr1e-4_wd1e-3,0,[0],0.994824230670929
337,gmc_nl_lr1e-4_wd1e-3,0,[0&2],0.9946403503417969
81,gmc_nl_lr1e-3_wd1e-3,0,[1&2],0.9943473935127258
143,gmc_l_lr5e-4_wd0.0,0,[0&1],0.9943473935127258
318,gmc_l_lr1e-4_wd1e-3,0,[0&1&2],0.9943473935127258
248,gmc_nl_lr5e-4_wd1e-4,0,[0&1],0.9942497611045837
168,mmix_nl_10_lr5e-4_wd1e-3,0,[0],0.9942383170127869
3,mmix_nl_10_lr1e-3_wd0.0,0,[0],0.9942383170127869
295,mmix_nl_10_lr1e-4_wd1e-3,0,[0],0.9942383170127869
210,mmix_nl_10_lr5e-4_wd1e-4,0,[0],0.9942383170127869
42,mmix_nl_10_lr1e-3_wd1e-3,0,[0],0.9942383170127869
126,mmix_nl_10_lr5e-4_wd0.0,0,[0],0.9942383170127869
84,mmix_nl_10_lr1e-3_wd1e-4,0,[0],0.9942383170127869
253,mmix_nl_10_lr1e-4_wd0.0,0,[0],0.9942383170127869
335,mmix_nl_10_lr1e-4_wd1e-4,0,[0],0.9942383170127869
376,gmc_nl_lr1e-4_wd1e-4,0,[0&2],0.9941520690917969
292,gmc_nl_lr1e-4_wd0.0,0,[0&2],0.9939567446708679
63,mmix_l_10_lr1e-3_wd1e-3,0,[0],0.993945300579071
274,mmix_l_10_lr1e-4_wd0.0,0,[0],0.993945300579071
231,mmix_l_10_lr5e-4_wd1e-4,0,[0],0.993945300579071
314,mmix_l_10_lr1e-4_wd1e-3,0,[0],0.993945300579071
21,mmix_l_10_lr1e-3_wd0.0,0,[0],0.993945300579071
354,mmix_l_10_lr1e-4_wd1e-4,0,[0],0.993945300579071
189,mmix_l_10_lr5e-4_wd1e-3,0,[0],0.993945300579071
147,mmix_l_10_lr5e-4_wd0.0,0,[0],0.993945300579071
105,mmix_l_10_lr1e-3_wd1e-4,0,[0],0.993945300579071
164,gmc_nl_lr5e-4_wd0.0,0,[0&1],0.9935547113418579
165,gmc_nl_lr5e-4_wd0.0,0,[1&2],0.9934684634208679
249,gmc_nl_lr5e-4_wd1e-4,0,[1&2],0.993359386920929
277,mmix_l_05_lr1e-4_wd0.0,0,[2],0.9932962656021118
319,mmix_l_05_lr1e-4_wd1e-3,0,[2],0.9932962656021118
69,mmix_l_05_lr1e-3_wd1e-3,0,[2],0.9932962656021118
29,mmix_l_05_lr1e-3_wd0.0,0,[2],0.9932962656021118
112,mmix_l_05_lr1e-3_wd1e-4,0,[2],0.9932962656021118
153,mmix_l_05_lr5e-4_wd0.0,0,[2],0.9932962656021118
194,mmix_l_05_lr5e-4_wd1e-3,0,[2],0.9932962656021118
236,mmix_l_05_lr5e-4_wd1e-4,0,[2],0.9932962656021118
358,mmix_l_05_lr1e-4_wd1e-4,0,[2],0.9932962656021118
101,gmc_l_lr1e-3_wd1e-4,0,[0&1],0.9922966361045837
102,gmc_l_lr1e-3_wd1e-4,0,[1&2],0.9921989440917969
56,gmc_l_lr1e-3_wd1e-3,0,[0&1],0.9919175505638123
34,gmc_nl_lr1e-3_wd0.0,0,[1&2],0.9914522171020508
31,gmc_nl_lr1e-3_wd0.0,0,[0&1],0.9914522171020508
53,gmc_l_lr1e-3_wd1e-3,0,[2],0.9913545846939087
54,mmix_nl_05_lr1e-3_wd1e-3,0,[1&2],0.9909409880638123
15,mmix_nl_05_lr1e-3_wd0.0,0,[1&2],0.9909409880638123
178,mmix_nl_05_lr5e-4_wd1e-3,0,[1&2],0.9909409880638123
96,mmix_nl_05_lr1e-3_wd1e-4,0,[1&2],0.9909409880638123
260,mmix_nl_05_lr1e-4_wd0.0,0,[1&2],0.9909409880638123
136,mmix_nl_05_lr5e-4_wd0.0,0,[1&2],0.9909409880638123
344,mmix_nl_05_lr1e-4_wd1e-4,0,[1&2],0.9909409880638123
219,mmix_nl_05_lr5e-4_wd1e-4,0,[1&2],0.9909409880638123
302,mmix_nl_05_lr1e-4_wd1e-3,0,[1&2],0.9909409880638123
76,gmc_nl_lr1e-3_wd1e-3,0,[2],0.9905503392219543
59,gmc_l_lr1e-3_wd1e-3,0,[1&2],0.9904527068138123
8,gmc_l_lr1e-3_wd0.0,0,[1&2],0.990205705165863
5,gmc_l_lr1e-3_wd0.0,0,[0&1],0.9901367425918579
176,mmix_nl_05_lr5e-4_wd1e-3,0,[0&1],0.9885972142219543
300,mmix_nl_05_lr1e-4_wd1e-3,0,[0&1],0.9885972142219543
134,mmix_nl_05_lr5e-4_wd0.0,0,[0&1],0.9885972142219543
258,mmix_nl_05_lr1e-4_wd0.0,0,[0&1],0.9885972142219543
342,mmix_nl_05_lr1e-4_wd1e-4,0,[0&1],0.9885972142219543
51,mmix_nl_05_lr1e-3_wd1e-3,0,[0&1],0.9885972142219543
93,mmix_nl_05_lr1e-3_wd1e-4,0,[0&1],0.9885972142219543
217,mmix_nl_05_lr5e-4_wd1e-4,0,[0&1],0.9885972142219543
13,mmix_nl_05_lr1e-3_wd0.0,0,[0&1],0.9885972142219543
123,gmc_nl_lr1e-3_wd1e-4,0,[1&2],0.9885455369949341
228,gmc_l_lr5e-4_wd1e-4,0,[1&2],0.9884363412857056
122,gmc_nl_lr1e-3_wd1e-4,0,[0&1],0.9883502125740051
227,gmc_l_lr5e-4_wd1e-4,0,[0&1],0.988315761089325
343,mmix_nl_10_lr1e-4_wd1e-4,0,[0&1],0.9862650036811829
301,mmix_nl_10_lr1e-4_wd1e-3,0,[0&1],0.9862650036811829
216,mmix_nl_10_lr5e-4_wd1e-4,0,[0&1],0.9862650036811829
259,mmix_nl_10_lr1e-4_wd0.0,0,[0&1],0.9862650036811829
88,mmix_nl_10_lr1e-3_wd1e-4,0,[0&1],0.9862650036811829
173,mmix_nl_10_lr5e-4_wd1e-3,0,[0&1],0.9862650036811829
49,mmix_nl_10_lr1e-3_wd1e-3,0,[0&1],0.9862650036811829
131,mmix_nl_10_lr5e-4_wd0.0,0,[0&1],0.9862650036811829
12,mmix_nl_10_lr1e-3_wd0.0,0,[0&1],0.9862650036811829
271,gmc_l_lr1e-4_wd0.0,0,[0&2],0.9862534403800964
90,mmix_nl_10_lr1e-3_wd1e-4,0,[1&2],0.9860811233520508
16,mmix_nl_10_lr1e-3_wd0.0,0,[1&2],0.9860811233520508
261,mmix_nl_10_lr1e-4_wd0.0,0,[1&2],0.9860811233520508
345,mmix_nl_10_lr1e-4_wd1e-4,0,[1&2],0.9860811233520508
303,mmix_nl_10_lr1e-4_wd1e-3,0,[1&2],0.9860811233520508
133,mmix_nl_10_lr5e-4_wd0.0,0,[1&2],0.9860811233520508
175,mmix_nl_10_lr5e-4_wd1e-3,0,[1&2],0.9860811233520508
218,mmix_nl_10_lr5e-4_wd1e-4,0,[1&2],0.9860811233520508
361,gmc_l_lr1e-4_wd1e-4,0,[0&2],0.9860811233520508
52,mmix_nl_10_lr1e-3_wd1e-3,0,[1&2],0.9860811233520508
266,gmc_l_lr1e-4_wd0.0,0,[0],0.9853745698928833
114,mmix_l_05_lr1e-3_wd1e-4,0,[0&1],0.9852136969566345
321,mmix_l_05_lr1e-4_wd1e-3,0,[0&1],0.9852136969566345
362,mmix_l_05_lr1e-4_wd1e-4,0,[0&1],0.9852136969566345
72,mmix_l_05_lr1e-3_wd1e-3,0,[0&1],0.9852136969566345
155,mmix_l_05_lr5e-4_wd0.0,0,[0&1],0.9852136969566345
196,mmix_l_05_lr5e-4_wd1e-3,0,[0&1],0.9852136969566345
32,mmix_l_05_lr1e-3_wd0.0,0,[0&1],0.9852136969566345
279,mmix_l_05_lr1e-4_wd0.0,0,[0&1],0.9852136969566345
238,mmix_l_05_lr5e-4_wd1e-4,0,[0&1],0.9852136969566345
356,gmc_l_lr1e-4_wd1e-4,0,[0&1],0.9851160049438477
350,gmc_l_lr1e-4_wd1e-4,0,[0],0.9849839210510254
315,gmc_l_lr1e-4_wd1e-3,0,[0&2],0.9849092364311218
30,mmix_l_10_lr1e-3_wd0.0,0,[0&1],0.9847369194030762
280,mmix_l_10_lr1e-4_wd0.0,0,[0&1],0.9847369194030762
152,mmix_l_10_lr5e-4_wd0.0,0,[0&1],0.9847369194030762
322,mmix_l_10_lr1e-4_wd1e-3,0,[0&1],0.9847369194030762
68,mmix_l_10_lr1e-3_wd1e-3,0,[0&1],0.9847369194030762
195,mmix_l_10_lr5e-4_wd1e-3,0,[0&1],0.9847369194030762
363,mmix_l_10_lr1e-4_wd1e-4,0,[0&1],0.9847369194030762
109,mmix_l_10_lr1e-3_wd1e-4,0,[0&1],0.9847369194030762
237,mmix_l_10_lr5e-4_wd1e-4,0,[0&1],0.9847369194030762
290,gmc_nl_lr1e-4_wd0.0,0,[0&1],0.984455406665802
157,mmix_l_05_lr5e-4_wd0.0,0,[1&2],0.9843577742576599
364,mmix_l_05_lr1e-4_wd1e-4,0,[1&2],0.9843577742576599
75,mmix_l_05_lr1e-3_wd1e-3,0,[1&2],0.9843577742576599
116,mmix_l_05_lr1e-3_wd1e-4,0,[1&2],0.9843577742576599
198,mmix_l_05_lr5e-4_wd1e-3,0,[1&2],0.9843577742576599
240,mmix_l_05_lr5e-4_wd1e-4,0,[1&2],0.9843577742576599
35,mmix_l_05_lr1e-3_wd0.0,0,[1&2],0.9843577742576599
323,mmix_l_05_lr1e-4_wd1e-3,0,[1&2],0.9843577742576599
281,mmix_l_05_lr1e-4_wd0.0,0,[1&2],0.9843577742576599
374,gmc_nl_lr1e-4_wd1e-4,0,[0&1],0.9838809967041016
324,mmix_l_10_lr1e-4_wd1e-3,0,[1&2],0.9838350415229797
366,mmix_l_10_lr1e-4_wd1e-4,0,[1&2],0.9838350415229797
111,mmix_l_10_lr1e-3_wd1e-4,0,[1&2],0.9838350415229797
197,mmix_l_10_lr5e-4_wd1e-3,0,[1&2],0.9838350415229797
287,gmc_nl_lr1e-4_wd0.0,0,[0],0.9838350415229797
154,mmix_l_10_lr5e-4_wd0.0,0,[1&2],0.9838350415229797
239,mmix_l_10_lr5e-4_wd1e-4,0,[1&2],0.9838350415229797
282,mmix_l_10_lr1e-4_wd0.0,0,[1&2],0.9838350415229797
33,mmix_l_10_lr1e-3_wd0.0,0,[1&2],0.9838350415229797
71,mmix_l_10_lr1e-3_wd1e-3,0,[1&2],0.9838350415229797
269,gmc_l_lr1e-4_wd0.0,0,[0&1],0.9835650324821472
308,gmc_l_lr1e-4_wd1e-3,0,[0],0.9833467602729797
311,gmc_l_lr1e-4_wd1e-3,0,[0&1],0.9833467602729797
371,gmc_nl_lr1e-4_wd1e-4,0,[0],0.9832376837730408
375,gmc_nl_lr1e-4_wd1e-4,0,[1&2],0.9808191657066345
332,gmc_nl_lr1e-4_wd1e-3,0,[0&1],0.9807043075561523
291,gmc_nl_lr1e-4_wd0.0,0,[1&2],0.9803308844566345
329,gmc_nl_lr1e-4_wd1e-3,0,[0],0.9793888330459595
359,gmc_l_lr1e-4_wd1e-4,0,[1&2],0.9762752652168274
334,gmc_nl_lr1e-4_wd1e-3,0,[1&2],0.9760915040969849
270,gmc_l_lr1e-4_wd0.0,0,[1&2],0.9756779074668884
312,gmc_l_lr1e-4_wd1e-3,0,[1&2],0.9728572964668274
373,gmc_nl_lr1e-4_wd1e-4,0,[2],0.9418314099311829
289,gmc_nl_lr1e-4_wd0.0,0,[2],0.94140625
331,gmc_nl_lr1e-4_wd1e-3,0,[2],0.9318704605102539
268,gmc_l_lr1e-4_wd0.0,0,[2],0.9193933606147766
353,gmc_l_lr1e-4_wd1e-4,0,[2],0.9175034761428833
310,gmc_l_lr1e-4_wd1e-3,0,[2],0.9122530221939087
97,gmc_l_lr1e-3_wd1e-4,0,[1],0.9063016772270203
25,gmc_nl_lr1e-3_wd0.0,0,[1],0.8942497372627258
1,gmc_l_lr1e-3_wd0.0,0,[1],0.8918542861938477
246,gmc_nl_lr5e-4_wd1e-4,0,[1],0.8903090357780457
162,gmc_nl_lr5e-4_wd0.0,0,[1],0.8900160789489746
141,gmc_l_lr5e-4_wd0.0,0,[1],0.8889762759208679
73,gmc_nl_lr1e-3_wd1e-3,0,[1],0.8870002627372742
119,gmc_nl_lr1e-3_wd1e-4,0,[1],0.8865751624107361
183,gmc_l_lr5e-4_wd1e-3,0,[1],0.882128894329071
204,gmc_nl_lr5e-4_wd1e-3,0,[1],0.8789292573928833
50,gmc_l_lr1e-3_wd1e-3,0,[1],0.8769704103469849
213,mmix_nl_05_lr5e-4_wd1e-4,0,[1],0.8704215884208679
172,mmix_nl_05_lr5e-4_wd1e-3,0,[1],0.8704215884208679
6,mmix_nl_05_lr1e-3_wd0.0,0,[1],0.8704215884208679
130,mmix_nl_05_lr5e-4_wd0.0,0,[1],0.8704215884208679
45,mmix_nl_05_lr1e-3_wd1e-3,0,[1],0.8704215884208679
254,mmix_nl_05_lr1e-4_wd0.0,0,[1],0.8704215884208679
89,mmix_nl_05_lr1e-3_wd1e-4,0,[1],0.8704215884208679
296,mmix_nl_05_lr1e-4_wd1e-3,0,[1],0.8704215884208679
336,mmix_nl_05_lr1e-4_wd1e-4,0,[1],0.8704215884208679
225,gmc_l_lr5e-4_wd1e-4,0,[1],0.8687729835510254
110,mmix_l_05_lr1e-3_wd1e-4,0,[1],0.8614544868469238
26,mmix_l_05_lr1e-3_wd0.0,0,[1],0.8614544868469238
67,mmix_l_05_lr1e-3_wd1e-3,0,[1],0.8614544868469238
192,mmix_l_05_lr5e-4_wd1e-3,0,[1],0.8614544868469238
316,mmix_l_05_lr1e-4_wd1e-3,0,[1],0.8614544868469238
275,mmix_l_05_lr1e-4_wd0.0,0,[1],0.8614544868469238
355,mmix_l_05_lr1e-4_wd1e-4,0,[1],0.8614544868469238
151,mmix_l_05_lr5e-4_wd0.0,0,[1],0.8614544868469238
234,mmix_l_05_lr5e-4_wd1e-4,0,[1],0.8614544868469238
169,mmix_nl_10_lr5e-4_wd1e-3,0,[1],0.8596220016479492
255,mmix_nl_10_lr1e-4_wd0.0,0,[1],0.8596220016479492
338,mmix_nl_10_lr1e-4_wd1e-4,0,[1],0.8596220016479492
127,mmix_nl_10_lr5e-4_wd0.0,0,[1],0.8596220016479492
212,mmix_nl_10_lr5e-4_wd1e-4,0,[1],0.8596220016479492
7,mmix_nl_10_lr1e-3_wd0.0,0,[1],0.8596220016479492
297,mmix_nl_10_lr1e-4_wd1e-3,0,[1],0.8596220016479492
85,mmix_nl_10_lr1e-3_wd1e-4,0,[1],0.8596220016479492
44,mmix_nl_10_lr1e-3_wd1e-3,0,[1],0.8596220016479492
64,mmix_l_10_lr1e-3_wd1e-3,0,[1],0.8582434058189392
24,mmix_l_10_lr1e-3_wd0.0,0,[1],0.8582434058189392
276,mmix_l_10_lr1e-4_wd0.0,0,[1],0.8582434058189392
357,mmix_l_10_lr1e-4_wd1e-4,0,[1],0.8582434058189392
317,mmix_l_10_lr1e-4_wd1e-3,0,[1],0.8582434058189392
233,mmix_l_10_lr5e-4_wd1e-4,0,[1],0.8582434058189392
191,mmix_l_10_lr5e-4_wd1e-3,0,[1],0.8582434058189392
106,mmix_l_10_lr1e-3_wd1e-4,0,[1],0.8582434058189392
148,mmix_l_10_lr5e-4_wd0.0,0,[1],0.8582434058189392
267,gmc_l_lr1e-4_wd0.0,0,[1],0.8533663153648376
288,gmc_nl_lr1e-4_wd0.0,0,[1],0.8521887063980103
351,gmc_l_lr1e-4_wd1e-4,0,[1],0.851039707660675
372,gmc_nl_lr1e-4_wd1e-4,0,[1],0.847949206829071
309,gmc_l_lr1e-4_wd1e-3,0,[1],0.8446518778800964
330,gmc_nl_lr1e-4_wd1e-3,0,[1],0.8385111093521118
